order_id,product_id,order_date,quantity,warehouse_id,region
ORD00001,PROD005,2025-01-09,52,WH-N-01,North
ORD00002,PROD008,2025-05-18,137,WH-N-02,North
ORD00003,PROD002,2025-02-05,158,WH-S-02,South
ORD00004,PROD003,2025-03-28,280,WH-S-02,South
ORD00005,PROD005,2025-06-14,369,WH-E-02,East
ORD00006,PROD008,2025-06-09,22,WH-W-01,West
ORD00007,PROD007,2025-04-07,417,WH-E-02,East
ORD00008,PROD005,2025-09-19,470,WH-N-02,North
ORD00009,PROD004,2025-01-10,125,WH-W-01,West
ORD00010,PROD007,2025-03-24,378,WH-S-01,South
ORD00011,PROD008,2025-12-22,332,WH-W-01,West
ORD00012,PROD009,2025-11-29,278,WH-W-01,West
ORD00013,PROD001,2025-11-20,347,WH-W-02,West
ORD00014,PROD007,2025-04-19,74,WH-N-02,North
ORD00015,PROD001,2025-02-09,449,WH-E-01,East
ORD00016,PROD005,2025-10-17,223,WH-E-01,East
ORD00017,PROD005,2025-01-20,297,WH-S-01,South
ORD00018,PROD010,2025-12-27,97,WH-S-02,South
ORD00019,PROD010,2025-06-27,112,WH-N-02,North
ORD00020,PROD002,2025-04-10,312,WH-S-02,South
ORD00021,PROD008,2025-09-16,161,WH-N-02,North
ORD00022,PROD008,2025-07-25,323,WH-N-02,North
ORD00023,PROD005,2025-06-17,112,WH-N-01,North
ORD00024,PROD010,2025-04-20,229,WH-S-02,South
ORD00025,PROD005,2025-10-08,487,WH-N-02,North
ORD00026,PROD006,2025-01-21,43,WH-W-01,West
ORD00027,PROD002,2025-10-03,95,WH-S-01,South
ORD00028,PROD004,2025-09-17,317,WH-E-02,East
ORD00029,PROD005,2025-02-28,184,WH-E-02,East
ORD00030,PROD005,2025-10-24,79,WH-S-02,South
ORD00031,PROD009,2025-07-28,30,WH-N-02,North
ORD00032,PROD002,2025-03-06,434,WH-W-01,West
ORD00033,PROD006,2025-10-20,49,WH-N-02,North
ORD00034,PROD009,2025-05-17,497,WH-S-01,South
ORD00035,PROD006,2025-05-22,244,WH-E-01,East
ORD00036,PROD002,2025-11-11,16,WH-N-02,North
ORD00037,PROD001,2025-01-21,68,WH-N-02,North
ORD00038,PROD004,2025-03-01,92,WH-S-02,South
ORD00039,PROD008,2025-02-22,91,WH-S-01,South
ORD00040,PROD007,2025-05-10,291,WH-W-02,West
ORD00041,PROD008,2025-11-30,116,WH-E-01,East
ORD00042,PROD006,2025-06-01,15,WH-N-01,North
ORD00043,PROD010,2025-06-10,210,WH-E-02,East
ORD00044,PROD007,2025-06-12,477,WH-N-01,North
ORD00045,PROD010,2025-04-21,138,WH-W-01,West
ORD00046,PROD010,2025-04-04,142,WH-W-02,West
ORD00047,PROD009,2025-05-07,111,WH-S-02,South
ORD00048,PROD006,2025-08-18,55,WH-N-02,North
ORD00049,PROD002,2025-06-07,209,WH-E-01,East
ORD00050,PROD001,2025-10-24,172,WH-E-01,East
ORD00051,PROD005,2025-10-06,61,WH-S-02,South
ORD00052,PROD010,2025-01-11,122,WH-N-01,North
ORD00053,PROD004,2025-10-10,147,WH-W-01,West
ORD00054,PROD002,2025-01-06,335,WH-N-01,North
ORD00055,PROD005,2025-03-20,250,WH-E-02,East
ORD00056,PROD002,2025-12-07,270,WH-E-01,East
ORD00057,PROD003,2025-06-13,82,WH-S-01,South
ORD00058,PROD005,2025-04-16,74,WH-N-02,North
ORD00059,PROD003,2025-11-16,430,WH-N-02,North
ORD00060,PROD009,2025-08-10,163,WH-S-01,South
ORD00061,PROD009,2025-12-08,375,WH-S-01,South
ORD00062,PROD004,2025-08-17,359,WH-E-01,East
ORD00063,PROD007,2025-10-03,445,WH-E-02,East
ORD00064,PROD008,2025-06-23,438,WH-N-02,North
ORD00065,PROD003,2025-11-27,22,WH-E-02,East
ORD00066,PROD007,2025-07-01,364,WH-N-01,North
ORD00067,PROD010,2025-05-13,80,WH-S-01,South
ORD00068,PROD005,2025-11-10,98,WH-W-02,West
ORD00069,PROD002,2025-04-01,13,WH-S-02,South
ORD00070,PROD009,2025-12-18,486,WH-E-02,East
ORD00071,PROD004,2025-12-18,263,WH-S-02,South
ORD00072,PROD008,2025-10-14,182,WH-S-02,South
ORD00073,PROD010,2025-02-06,34,WH-E-01,East
ORD00074,PROD009,2025-04-15,271,WH-E-01,East
ORD00075,PROD005,2025-10-10,444,WH-E-02,East
ORD00076,PROD006,2025-02-13,314,WH-S-02,South
ORD00077,PROD002,2025-05-09,89,WH-W-01,West
ORD00078,PROD007,2025-12-15,263,WH-S-01,South
ORD00079,PROD007,2025-03-26,273,WH-E-02,East
ORD00080,PROD009,2025-05-11,423,WH-N-01,North
ORD00081,PROD002,2025-11-12,81,WH-E-01,East
ORD00082,PROD002,2025-07-15,445,WH-W-01,West
ORD00083,PROD007,2025-06-16,475,WH-W-01,West
ORD00084,PROD008,2025-03-03,118,WH-S-02,South
ORD00085,PROD007,2025-06-01,348,WH-W-01,West
ORD00086,PROD005,2025-10-14,393,WH-S-02,South
ORD00087,PROD001,2025-01-11,306,WH-S-02,South
ORD00088,PROD001,2025-03-30,115,WH-S-02,South
ORD00089,PROD005,2025-06-09,149,WH-S-01,South
ORD00090,PROD010,2025-03-28,415,WH-E-02,East
ORD00091,PROD009,2025-03-04,225,WH-E-02,East
ORD00092,PROD004,2025-02-25,155,WH-W-01,West
ORD00093,PROD001,2025-06-01,289,WH-N-01,North
ORD00094,PROD003,2025-06-09,303,WH-N-02,North
ORD00095,PROD007,2025-03-05,10,WH-E-02,East
ORD00096,PROD008,2025-10-04,166,WH-W-02,West
ORD00097,PROD007,2025-11-28,67,WH-E-02,East
ORD00098,PROD007,2025-01-02,295,WH-W-01,West
ORD00099,PROD005,2025-09-22,317,WH-S-02,South
ORD00100,PROD007,2025-11-14,240,WH-E-01,East
ORD00101,PROD009,2025-01-02,279,WH-S-02,South
ORD00102,PROD007,2025-11-15,182,WH-W-02,West
ORD00103,PROD010,2025-05-07,391,WH-N-02,North
ORD00104,PROD005,2025-11-19,379,WH-N-02,North
ORD00105,PROD003,2025-04-02,443,WH-W-02,West
ORD00106,PROD002,2025-05-16,477,WH-N-02,North
ORD00107,PROD007,2025-05-13,246,WH-E-01,East
ORD00108,PROD008,2025-01-24,271,WH-S-02,South
ORD00109,PROD005,2025-07-01,45,WH-N-02,North
ORD00110,PROD002,2025-09-17,94,WH-W-01,West
ORD00111,PROD003,2025-12-19,335,WH-N-02,North
ORD00112,PROD005,2025-04-17,280,WH-E-01,East
ORD00113,PROD004,2025-02-08,45,WH-E-02,East
ORD00114,PROD009,2025-10-13,271,WH-E-02,East
ORD00115,PROD001,2026-01-01,344,WH-S-02,South
ORD00116,PROD009,2025-04-29,322,WH-E-02,East
ORD00117,PROD007,2025-05-13,257,WH-W-01,West
ORD00118,PROD010,2025-11-09,142,WH-E-01,East
ORD00119,PROD004,2025-08-10,172,WH-N-02,North
ORD00120,PROD004,2025-11-17,47,WH-E-01,East
ORD00121,PROD003,2025-05-15,320,WH-W-01,West
ORD00122,PROD008,2025-03-12,408,WH-S-01,South
ORD00123,PROD008,2025-07-25,394,WH-E-02,East
ORD00124,PROD004,2025-12-15,377,WH-N-01,North
ORD00125,PROD005,2025-07-23,126,WH-N-01,North
ORD00126,PROD006,2025-04-06,499,WH-W-01,West
ORD00127,PROD001,2025-04-21,465,WH-N-01,North
ORD00128,PROD001,2025-12-06,185,WH-W-02,West
ORD00129,PROD005,2025-04-24,58,WH-N-01,North
ORD00130,PROD007,2025-07-13,240,WH-S-02,South
ORD00131,PROD003,2025-05-26,429,WH-S-01,South
ORD00132,PROD008,2025-05-13,241,WH-W-01,West
ORD00133,PROD006,2025-04-20,475,WH-W-01,West
ORD00134,PROD002,2025-01-03,418,WH-N-01,North
ORD00135,PROD008,2025-10-25,444,WH-E-02,East
ORD00136,PROD005,2025-11-27,91,WH-S-02,South
ORD00137,PROD003,2025-03-16,208,WH-N-01,North
ORD00138,PROD009,2025-03-08,140,WH-N-02,North
ORD00139,PROD002,2025-01-08,473,WH-W-02,West
ORD00140,PROD001,2025-05-21,31,WH-N-01,North
ORD00141,PROD002,2025-01-15,107,WH-W-01,West
ORD00142,PROD008,2025-04-09,361,WH-S-02,South
ORD00143,PROD008,2025-05-18,333,WH-W-02,West
ORD00144,PROD005,2025-10-29,40,WH-S-01,South
ORD00145,PROD010,2025-11-06,229,WH-S-02,South
ORD00146,PROD009,2025-07-31,290,WH-N-02,North
ORD00147,PROD009,2025-12-06,480,WH-S-02,South
ORD00148,PROD002,2025-04-01,138,WH-E-01,East
ORD00149,PROD002,2025-04-15,480,WH-S-01,South
ORD00150,PROD007,2025-02-16,336,WH-N-01,North
ORD00151,PROD009,2025-06-10,60,WH-W-02,West
ORD00152,PROD001,2025-12-07,236,WH-S-01,South
ORD00153,PROD003,2025-09-26,22,WH-W-02,West
ORD00154,PROD005,2025-06-16,419,WH-N-02,North
ORD00155,PROD002,2025-07-16,450,WH-E-01,East
ORD00156,PROD001,2025-03-08,386,WH-E-02,East
ORD00157,PROD005,2025-12-14,448,WH-W-01,West
ORD00158,PROD005,2025-05-06,440,WH-N-02,North
ORD00159,PROD009,2025-06-23,482,WH-S-02,South
ORD00160,PROD009,2025-03-08,63,WH-W-02,West
ORD00161,PROD008,2025-03-22,390,WH-N-02,North
ORD00162,PROD004,2025-06-16,276,WH-E-02,East
ORD00163,PROD002,2025-10-22,74,WH-W-02,West
ORD00164,PROD002,2025-11-30,427,WH-N-02,North
ORD00165,PROD009,2025-06-13,162,WH-E-02,East
ORD00166,PROD006,2025-09-24,393,WH-E-02,East
ORD00167,PROD009,2025-06-12,86,WH-N-01,North
ORD00168,PROD006,2025-05-24,241,WH-E-01,East
ORD00169,PROD008,2025-07-14,484,WH-W-02,West
ORD00170,PROD002,2025-09-26,34,WH-N-01,North
ORD00171,PROD008,2025-10-21,369,WH-E-01,East
ORD00172,PROD006,2025-06-07,216,WH-E-02,East
ORD00173,PROD008,2025-03-17,24,WH-E-01,East
ORD00174,PROD005,2025-02-27,474,WH-S-01,South
ORD00175,PROD003,2025-02-20,425,WH-W-01,West
ORD00176,PROD009,2025-05-14,114,WH-E-01,East
ORD00177,PROD002,2025-04-22,416,WH-N-01,North
ORD00178,PROD003,2025-07-08,312,WH-W-01,West
ORD00179,PROD008,2025-04-13,466,WH-E-01,East
ORD00180,PROD010,2025-08-20,227,WH-W-01,West
ORD00181,PROD006,2025-02-07,381,WH-S-02,South
ORD00182,PROD005,2025-09-30,14,WH-W-01,West
ORD00183,PROD007,2025-11-12,216,WH-W-01,West
ORD00184,PROD009,2025-08-23,190,WH-W-01,West
ORD00185,PROD001,2025-12-20,366,WH-S-02,South
ORD00186,PROD001,2025-06-11,272,WH-N-02,North
ORD00187,PROD009,2025-09-23,287,WH-E-02,East
ORD00188,PROD007,2025-03-09,164,WH-E-02,East
ORD00189,PROD009,2025-03-25,291,WH-W-01,West
ORD00190,PROD005,2025-12-05,386,WH-N-02,North
ORD00191,PROD010,2025-07-25,225,WH-N-02,North
ORD00192,PROD005,2025-02-16,483,WH-N-01,North
ORD00193,PROD001,2025-05-20,247,WH-W-02,West
ORD00194,PROD006,2025-08-22,208,WH-W-02,West
ORD00195,PROD002,2025-08-01,84,WH-W-02,West
ORD00196,PROD003,2025-05-14,426,WH-N-01,North
ORD00197,PROD006,2025-07-31,496,WH-S-02,South
ORD00198,PROD005,2025-05-21,363,WH-E-02,East
ORD00199,PROD007,2025-09-09,120,WH-E-02,East
ORD00200,PROD007,2025-03-08,42,WH-W-01,West
ORD00201,PROD004,2025-01-14,383,WH-S-01,South
ORD00202,PROD002,2025-02-20,255,WH-E-01,East
ORD00203,PROD007,2025-08-07,55,WH-S-01,South
ORD00204,PROD010,2025-08-05,283,WH-N-01,North
ORD00205,PROD006,2025-10-11,386,WH-N-01,North
ORD00206,PROD007,2025-05-23,360,WH-N-02,North
ORD00207,PROD003,2025-04-20,412,WH-W-01,West
ORD00208,PROD002,2025-08-18,352,WH-W-01,West
ORD00209,PROD005,2025-11-07,69,WH-W-02,West
ORD00210,PROD008,2025-11-11,207,WH-N-01,North
ORD00211,PROD004,2025-10-02,223,WH-S-02,South
ORD00212,PROD005,2025-11-16,413,WH-W-01,West
ORD00213,PROD006,2025-12-03,14,WH-W-01,West
ORD00214,PROD006,2025-11-17,286,WH-E-01,East
ORD00215,PROD008,2025-09-18,127,WH-E-01,East
ORD00216,PROD005,2025-03-17,220,WH-E-01,East
ORD00217,PROD003,2025-10-15,218,WH-E-01,East
ORD00218,PROD010,2025-07-31,494,WH-N-01,North
ORD00219,PROD005,2025-06-06,366,WH-E-02,East
ORD00220,PROD005,2025-07-08,265,WH-W-01,West
ORD00221,PROD010,2025-04-01,183,WH-W-01,West
ORD00222,PROD010,2025-03-18,283,WH-S-02,South
ORD00223,PROD001,2025-04-20,340,WH-E-01,East
ORD00224,PROD006,2025-03-02,178,WH-W-02,West
ORD00225,PROD003,2025-02-15,125,WH-S-02,South
ORD00226,PROD009,2025-03-01,360,WH-N-01,North
ORD00227,PROD004,2025-06-17,226,WH-S-02,South
ORD00228,PROD001,2025-11-12,430,WH-N-02,North
ORD00229,PROD004,2025-12-15,153,WH-N-01,North
ORD00230,PROD006,2025-03-04,21,WH-E-02,East
ORD00231,PROD006,2025-05-09,68,WH-E-01,East
ORD00232,PROD003,2025-02-17,49,WH-N-02,North
ORD00233,PROD002,2025-05-18,137,WH-E-02,East
ORD00234,PROD009,2025-02-10,25,WH-N-02,North
ORD00235,PROD003,2025-11-23,488,WH-W-02,West
ORD00236,PROD004,2025-01-05,150,WH-N-02,North
ORD00237,PROD009,2025-11-25,190,WH-E-01,East
ORD00238,PROD003,2025-12-14,56,WH-E-02,East
ORD00239,PROD010,2025-07-21,284,WH-W-02,West
ORD00240,PROD005,2025-03-10,291,WH-S-02,South
ORD00241,PROD001,2025-04-21,133,WH-N-01,North
ORD00242,PROD007,2025-10-03,138,WH-E-01,East
ORD00243,PROD005,2025-07-26,74,WH-E-02,East
ORD00244,PROD002,2025-10-06,345,WH-E-01,East
ORD00245,PROD006,2025-12-16,238,WH-N-02,North
ORD00246,PROD003,2025-10-24,477,WH-S-01,South
ORD00247,PROD003,2025-06-21,440,WH-S-02,South
ORD00248,PROD006,2025-07-15,89,WH-E-01,East
ORD00249,PROD008,2025-03-16,317,WH-W-01,West
ORD00250,PROD005,2025-01-05,285,WH-E-01,East
ORD00251,PROD003,2025-01-16,245,WH-W-01,West
ORD00252,PROD007,2025-07-09,487,WH-W-02,West
ORD00253,PROD007,2025-02-20,37,WH-W-02,West
ORD00254,PROD008,2025-01-22,425,WH-N-01,North
ORD00255,PROD002,2025-05-19,292,WH-S-02,South
ORD00256,PROD010,2025-12-24,429,WH-E-02,East
ORD00257,PROD004,2025-07-03,297,WH-S-01,South
ORD00258,PROD003,2025-12-27,479,WH-N-01,North
ORD00259,PROD006,2025-12-03,139,WH-W-02,West
ORD00260,PROD001,2025-07-03,202,WH-W-02,West
ORD00261,PROD005,2025-12-25,418,WH-E-02,East
ORD00262,PROD004,2025-12-11,184,WH-S-01,South
ORD00263,PROD002,2025-06-24,467,WH-S-02,South
ORD00264,PROD002,2025-04-18,469,WH-N-02,North
ORD00265,PROD007,2025-04-27,376,WH-S-02,South
ORD00266,PROD002,2025-12-03,178,WH-S-02,South
ORD00267,PROD004,2025-09-10,199,WH-W-02,West
ORD00268,PROD004,2025-10-05,214,WH-W-02,West
ORD00269,PROD002,2025-03-06,439,WH-W-02,West
ORD00270,PROD003,2025-02-25,222,WH-N-02,North
ORD00271,PROD001,2025-07-13,244,WH-N-01,North
ORD00272,PROD009,2025-09-26,88,WH-E-01,East
ORD00273,PROD002,2025-07-23,247,WH-E-01,East
ORD00274,PROD004,2025-05-08,288,WH-W-01,West
ORD00275,PROD007,2025-12-06,185,WH-S-01,South
ORD00276,PROD004,2025-07-12,99,WH-N-01,North
ORD00277,PROD010,2025-05-01,228,WH-N-01,North
ORD00278,PROD001,2025-07-23,136,WH-S-01,South
ORD00279,PROD008,2025-02-15,208,WH-N-01,North
ORD00280,PROD009,2025-09-23,33,WH-N-02,North
ORD00281,PROD004,2025-06-09,499,WH-N-01,North
ORD00282,PROD008,2025-11-01,95,WH-E-02,East
ORD00283,PROD003,2025-08-02,266,WH-E-02,East
ORD00284,PROD009,2025-07-19,367,WH-S-02,South
ORD00285,PROD004,2025-03-19,194,WH-W-02,West
ORD00286,PROD005,2025-11-15,409,WH-E-01,East
ORD00287,PROD002,2025-03-15,485,WH-E-02,East
ORD00288,PROD005,2025-07-16,188,WH-E-02,East
ORD00289,PROD005,2025-03-08,86,WH-W-01,West
ORD00290,PROD005,2025-10-24,46,WH-S-01,South
ORD00291,PROD009,2025-05-03,376,WH-S-02,South
ORD00292,PROD010,2025-12-31,210,WH-S-02,South
ORD00293,PROD004,2025-12-08,88,WH-N-01,North
ORD00294,PROD001,2025-08-02,205,WH-N-02,North
ORD00295,PROD003,2025-05-04,484,WH-S-01,South
ORD00296,PROD007,2025-12-05,113,WH-S-02,South
ORD00297,PROD007,2025-06-02,125,WH-E-01,East
ORD00298,PROD003,2025-05-30,284,WH-E-02,East
ORD00299,PROD002,2025-08-26,371,WH-E-01,East
ORD00300,PROD001,2025-07-10,324,WH-E-01,East
ORD00301,PROD008,2025-06-11,36,WH-E-01,East
ORD00302,PROD003,2025-08-11,67,WH-S-01,South
ORD00303,PROD010,2025-09-17,268,WH-S-01,South
ORD00304,PROD007,2025-07-16,429,WH-N-01,North
ORD00305,PROD009,2025-01-02,381,WH-S-02,South
ORD00306,PROD002,2025-09-04,349,WH-S-02,South
ORD00307,PROD009,2025-11-23,29,WH-S-02,South
ORD00308,PROD003,2025-12-05,150,WH-S-02,South
ORD00309,PROD007,2025-02-20,262,WH-W-02,West
ORD00310,PROD003,2025-01-23,242,WH-S-01,South
ORD00311,PROD008,2025-10-03,431,WH-S-02,South
ORD00312,PROD006,2025-12-14,49,WH-S-01,South
ORD00313,PROD001,2025-03-30,106,WH-W-02,West
ORD00314,PROD010,2025-07-04,277,WH-S-02,South
ORD00315,PROD004,2025-10-28,347,WH-S-02,South
ORD00316,PROD002,2025-01-23,244,WH-E-01,East
ORD00317,PROD010,2025-05-27,447,WH-S-01,South
ORD00318,PROD008,2025-10-17,453,WH-N-01,North
ORD00319,PROD007,2025-09-20,417,WH-N-02,North
ORD00320,PROD010,2025-06-30,147,WH-E-02,East
ORD00321,PROD008,2025-08-07,18,WH-N-02,North
ORD00322,PROD005,2025-10-29,315,WH-E-01,East
ORD00323,PROD009,2025-11-07,452,WH-E-01,East
ORD00324,PROD006,2025-01-13,276,WH-W-02,West
ORD00325,PROD010,2025-09-29,303,WH-N-01,North
ORD00326,PROD001,2025-07-08,182,WH-N-02,North
ORD00327,PROD009,2025-02-07,308,WH-N-02,North
ORD00328,PROD008,2025-09-14,181,WH-N-02,North
ORD00329,PROD009,2025-06-16,475,WH-N-01,North
ORD00330,PROD006,2025-10-25,468,WH-S-01,South
ORD00331,PROD003,2025-09-18,172,WH-N-02,North
ORD00332,PROD007,2025-05-14,446,WH-E-02,East
ORD00333,PROD010,2025-02-02,374,WH-E-01,East
ORD00334,PROD004,2025-05-26,291,WH-E-02,East
ORD00335,PROD010,2025-03-29,372,WH-N-01,North
ORD00336,PROD005,2025-05-25,74,WH-W-01,West
ORD00337,PROD009,2025-02-20,117,WH-E-01,East
ORD00338,PROD005,2025-09-20,387,WH-W-01,West
ORD00339,PROD005,2025-06-11,291,WH-S-01,South
ORD00340,PROD006,2025-08-15,28,WH-E-01,East
ORD00341,PROD006,2025-08-02,171,WH-N-01,North
ORD00342,PROD003,2025-04-12,104,WH-N-02,North
ORD00343,PROD004,2025-09-17,310,WH-N-01,North
ORD00344,PROD002,2025-01-29,110,WH-E-02,East
ORD00345,PROD006,2025-11-11,484,WH-W-02,West
ORD00346,PROD006,2025-09-08,17,WH-S-01,South
ORD00347,PROD001,2025-10-10,470,WH-S-02,South
ORD00348,PROD001,2025-02-13,401,WH-N-01,North
ORD00349,PROD009,2025-09-28,494,WH-S-01,South
ORD00350,PROD004,2025-05-05,157,WH-S-02,South
ORD00351,PROD008,2025-12-01,210,WH-E-02,East
ORD00352,PROD002,2025-12-17,106,WH-S-01,South
ORD00353,PROD010,2025-08-31,324,WH-E-02,East
ORD00354,PROD006,2025-02-23,20,WH-N-02,North
ORD00355,PROD010,2025-02-07,183,WH-W-02,West
ORD00356,PROD007,2025-11-08,497,WH-S-02,South
ORD00357,PROD010,2025-08-30,319,WH-W-02,West
ORD00358,PROD003,2025-07-22,298,WH-E-02,East
ORD00359,PROD010,2025-01-08,168,WH-E-02,East
ORD00360,PROD010,2025-07-02,244,WH-N-02,North
ORD00361,PROD004,2025-09-01,368,WH-W-01,West
ORD00362,PROD006,2025-08-12,451,WH-S-02,South
ORD00363,PROD001,2025-01-05,456,WH-N-02,North
ORD00364,PROD005,2025-01-08,203,WH-N-02,North
ORD00365,PROD006,2025-01-26,311,WH-E-02,East
ORD00366,PROD004,2025-12-10,71,WH-N-02,North
ORD00367,PROD002,2025-11-08,219,WH-S-02,South
ORD00368,PROD006,2025-12-25,339,WH-S-01,South
ORD00369,PROD003,2025-07-13,160,WH-E-02,East
ORD00370,PROD007,2025-04-12,491,WH-W-01,West
ORD00371,PROD007,2025-05-04,326,WH-S-01,South
ORD00372,PROD004,2025-04-18,204,WH-S-02,South
ORD00373,PROD010,2025-07-04,390,WH-S-02,South
ORD00374,PROD001,2025-03-29,264,WH-E-02,East
ORD00375,PROD003,2025-10-11,233,WH-N-02,North
ORD00376,PROD006,2025-11-06,490,WH-W-02,West
ORD00377,PROD002,2025-01-06,229,WH-E-02,East
ORD00378,PROD005,2025-09-14,68,WH-N-02,North
ORD00379,PROD004,2025-04-29,200,WH-E-02,East
ORD00380,PROD001,2025-05-30,76,WH-N-01,North
ORD00381,PROD001,2025-12-11,11,WH-N-01,North
ORD00382,PROD001,2025-01-29,43,WH-W-01,West
ORD00383,PROD001,2025-01-10,180,WH-N-02,North
ORD00384,PROD010,2025-04-13,250,WH-N-01,North
ORD00385,PROD005,2025-04-30,465,WH-E-02,East
ORD00386,PROD003,2025-01-31,464,WH-S-02,South
ORD00387,PROD004,2025-06-17,179,WH-W-01,West
ORD00388,PROD007,2025-04-05,298,WH-N-01,North
ORD00389,PROD009,2025-04-26,121,WH-N-01,North
ORD00390,PROD003,2025-06-10,40,WH-E-01,East
ORD00391,PROD003,2025-04-29,86,WH-N-02,North
ORD00392,PROD001,2025-10-29,39,WH-E-02,East
ORD00393,PROD002,2025-04-27,416,WH-W-01,West
ORD00394,PROD003,2025-01-28,113,WH-N-01,North
ORD00395,PROD002,2025-05-27,490,WH-N-01,North
ORD00396,PROD005,2025-01-17,379,WH-W-01,West
ORD00397,PROD005,2025-07-02,189,WH-S-02,South
ORD00398,PROD008,2025-08-07,55,WH-W-02,West
ORD00399,PROD004,2025-04-02,476,WH-W-02,West
ORD00400,PROD010,2025-08-12,47,WH-N-01,North
ORD00401,PROD005,2025-07-09,396,WH-E-02,East
ORD00402,PROD007,2025-06-11,190,WH-W-02,West
ORD00403,PROD007,2025-03-07,199,WH-W-01,West
ORD00404,PROD005,2025-03-06,300,WH-S-02,South
ORD00405,PROD009,2025-11-27,244,WH-S-01,South
ORD00406,PROD003,2025-11-10,50,WH-S-01,South
ORD00407,PROD005,2025-06-11,340,WH-S-02,South
ORD00408,PROD003,2025-02-09,168,WH-E-02,East
ORD00409,PROD007,2025-08-19,463,WH-S-02,South
ORD00410,PROD002,2025-12-17,45,WH-S-02,South
ORD00411,PROD003,2025-04-09,33,WH-W-01,West
ORD00412,PROD006,2025-09-15,449,WH-E-02,East
ORD00413,PROD006,2025-07-12,104,WH-E-01,East
ORD00414,PROD001,2025-05-07,41,WH-E-01,East
ORD00415,PROD005,2025-07-04,135,WH-E-02,East
ORD00416,PROD001,2025-10-19,367,WH-S-02,South
ORD00417,PROD001,2025-04-25,79,WH-S-01,South
ORD00418,PROD006,2025-04-27,93,WH-E-01,East
ORD00419,PROD002,2025-08-13,451,WH-E-02,East
ORD00420,PROD010,2025-07-02,272,WH-W-01,West
ORD00421,PROD004,2025-04-16,151,WH-W-01,West
ORD00422,PROD004,2025-04-17,405,WH-S-01,South
ORD00423,PROD001,2025-04-05,195,WH-S-02,South
ORD00424,PROD001,2025-05-02,322,WH-E-01,East
ORD00425,PROD004,2025-12-02,339,WH-N-02,North
ORD00426,PROD004,2025-12-20,304,WH-E-01,East
ORD00427,PROD001,2025-09-03,465,WH-S-02,South
ORD00428,PROD009,2025-07-07,446,WH-N-01,North
ORD00429,PROD008,2025-02-04,259,WH-E-01,East
ORD00430,PROD009,2025-06-12,319,WH-E-02,East
ORD00431,PROD010,2025-08-01,183,WH-N-02,North
ORD00432,PROD002,2025-11-27,347,WH-E-01,East
ORD00433,PROD006,2025-06-17,475,WH-N-01,North
ORD00434,PROD004,2025-05-10,437,WH-E-02,East
ORD00435,PROD005,2025-01-07,496,WH-W-02,West
ORD00436,PROD005,2025-03-01,34,WH-S-02,South
ORD00437,PROD007,2025-07-02,152,WH-W-01,West
ORD00438,PROD010,2025-05-12,321,WH-W-02,West
ORD00439,PROD003,2025-02-18,190,WH-E-01,East
ORD00440,PROD007,2025-08-19,212,WH-E-01,East
ORD00441,PROD003,2025-11-24,29,WH-W-01,West
ORD00442,PROD004,2025-09-23,29,WH-N-01,North
ORD00443,PROD009,2025-06-17,368,WH-W-02,West
ORD00444,PROD009,2025-01-07,213,WH-S-02,South
ORD00445,PROD007,2025-10-29,313,WH-W-01,West
ORD00446,PROD006,2025-06-30,430,WH-N-02,North
ORD00447,PROD008,2025-02-15,445,WH-S-02,South
ORD00448,PROD008,2025-03-10,92,WH-E-01,East
ORD00449,PROD008,2025-06-22,300,WH-N-02,North
ORD00450,PROD003,2025-10-22,14,WH-W-02,West
ORD00451,PROD004,2025-03-25,345,WH-N-02,North
ORD00452,PROD009,2025-03-05,248,WH-S-02,South
ORD00453,PROD006,2025-06-18,96,WH-E-01,East
ORD00454,PROD003,2025-10-11,129,WH-S-02,South
ORD00455,PROD007,2025-10-10,271,WH-W-02,West
ORD00456,PROD005,2025-04-16,313,WH-S-02,South
ORD00457,PROD005,2025-06-24,426,WH-S-01,South
ORD00458,PROD002,2025-12-02,375,WH-W-02,West
ORD00459,PROD009,2025-10-01,240,WH-S-02,South
ORD00460,PROD008,2025-02-13,37,WH-E-01,East
ORD00461,PROD002,2025-08-16,80,WH-N-02,North
ORD00462,PROD007,2025-09-25,239,WH-S-02,South
ORD00463,PROD010,2025-10-30,494,WH-N-01,North
ORD00464,PROD008,2025-06-28,158,WH-W-02,West
ORD00465,PROD003,2025-01-15,459,WH-E-01,East
ORD00466,PROD009,2025-10-09,485,WH-N-01,North
ORD00467,PROD004,2025-06-21,236,WH-W-02,West
ORD00468,PROD002,2025-08-28,392,WH-W-01,West
ORD00469,PROD005,2025-09-17,179,WH-W-02,West
ORD00470,PROD002,2025-08-07,287,WH-S-02,South
ORD00471,PROD010,2025-03-16,173,WH-W-01,West
ORD00472,PROD006,2025-04-21,125,WH-S-01,South
ORD00473,PROD008,2025-02-22,367,WH-S-01,South
ORD00474,PROD007,2025-07-11,87,WH-N-02,North
ORD00475,PROD009,2025-01-08,213,WH-E-02,East
ORD00476,PROD007,2025-12-31,164,WH-W-02,West
ORD00477,PROD005,2025-05-29,444,WH-W-02,West
ORD00478,PROD003,2025-08-17,102,WH-N-02,North
ORD00479,PROD003,2025-03-05,285,WH-W-01,West
ORD00480,PROD009,2025-09-11,431,WH-E-02,East
ORD00481,PROD009,2025-10-31,297,WH-E-02,East
ORD00482,PROD008,2025-07-21,363,WH-E-02,East
ORD00483,PROD009,2025-10-02,133,WH-S-01,South
ORD00484,PROD004,2025-06-14,409,WH-S-01,South
ORD00485,PROD010,2025-01-16,224,WH-N-02,North
ORD00486,PROD006,2025-11-01,317,WH-E-02,East
ORD00487,PROD007,2025-04-25,474,WH-S-02,South
ORD00488,PROD006,2025-03-31,352,WH-W-02,West
ORD00489,PROD001,2025-11-12,319,WH-W-02,West
ORD00490,PROD004,2025-11-10,431,WH-S-01,South
ORD00491,PROD006,2025-05-31,373,WH-W-01,West
ORD00492,PROD002,2025-06-29,423,WH-W-01,West
ORD00493,PROD002,2025-10-01,67,WH-W-01,West
ORD00494,PROD003,2025-08-12,202,WH-E-01,East
ORD00495,PROD006,2025-03-23,109,WH-E-01,East
ORD00496,PROD003,2025-08-15,71,WH-S-01,South
ORD00497,PROD010,2025-06-20,78,WH-S-02,South
ORD00498,PROD010,2025-07-03,20,WH-E-01,East
ORD00499,PROD003,2025-09-12,364,WH-S-01,South
ORD00500,PROD010,2025-11-30,482,WH-W-01,West
ORD00501,PROD002,2025-03-15,299,WH-S-02,South
ORD00502,PROD004,2025-06-28,153,WH-E-01,East
ORD00503,PROD002,2025-09-28,25,WH-W-02,West
ORD00504,PROD008,2025-12-19,115,WH-S-01,South
ORD00505,PROD001,2025-09-23,146,WH-E-01,East
ORD00506,PROD004,2025-02-26,426,WH-N-01,North
ORD00507,PROD007,2025-10-23,238,WH-E-01,East
ORD00508,PROD009,2025-08-09,83,WH-W-02,West
ORD00509,PROD006,2025-08-12,220,WH-E-02,East
ORD00510,PROD006,2025-03-16,43,WH-S-01,South
ORD00511,PROD004,2025-12-09,133,WH-S-01,South
ORD00512,PROD007,2025-02-18,300,WH-W-02,West
ORD00513,PROD001,2025-08-09,32,WH-S-01,South
ORD00514,PROD005,2025-05-01,450,WH-W-01,West
ORD00515,PROD006,2025-01-25,309,WH-W-02,West
ORD00516,PROD009,2025-09-25,362,WH-W-01,West
ORD00517,PROD006,2025-05-06,70,WH-N-02,North
ORD00518,PROD002,2025-01-10,422,WH-W-01,West
ORD00519,PROD006,2025-01-13,157,WH-S-01,South
ORD00520,PROD008,2025-10-29,44,WH-N-02,North
ORD00521,PROD007,2025-11-05,288,WH-N-02,North
ORD00522,PROD009,2025-12-12,285,WH-N-01,North
ORD00523,PROD007,2025-09-25,476,WH-W-01,West
ORD00524,PROD007,2025-03-01,234,WH-W-02,West
ORD00525,PROD002,2025-02-19,63,WH-S-02,South
ORD00526,PROD006,2025-12-20,66,WH-N-01,North
ORD00527,PROD010,2025-08-10,272,WH-N-01,North
ORD00528,PROD004,2025-11-10,259,WH-N-02,North
ORD00529,PROD001,2025-11-18,210,WH-W-02,West
ORD00530,PROD001,2025-11-14,475,WH-N-02,North
ORD00531,PROD008,2025-06-14,147,WH-W-01,West
ORD00532,PROD008,2025-09-21,147,WH-W-01,West
ORD00533,PROD003,2025-10-27,161,WH-W-02,West
ORD00534,PROD010,2025-12-04,271,WH-S-02,South
ORD00535,PROD007,2025-11-19,254,WH-W-02,West
ORD00536,PROD004,2025-03-17,42,WH-E-01,East
ORD00537,PROD008,2025-06-08,142,WH-N-02,North
ORD00538,PROD009,2025-09-14,64,WH-E-01,East
ORD00539,PROD003,2025-08-29,238,WH-W-01,West
ORD00540,PROD010,2025-12-31,74,WH-E-02,East
ORD00541,PROD001,2025-02-03,328,WH-S-02,South
ORD00542,PROD008,2025-05-17,341,WH-E-01,East
ORD00543,PROD009,2025-02-20,67,WH-N-02,North
ORD00544,PROD006,2025-09-13,322,WH-W-01,West
ORD00545,PROD009,2025-03-28,106,WH-E-01,East
ORD00546,PROD001,2025-10-12,70,WH-N-01,North
ORD00547,PROD009,2025-10-01,92,WH-E-01,East
ORD00548,PROD003,2025-09-15,55,WH-S-01,South
ORD00549,PROD006,2025-03-10,324,WH-W-02,West
ORD00550,PROD005,2025-11-02,448,WH-S-01,South
ORD00551,PROD005,2025-11-09,231,WH-N-01,North
ORD00552,PROD005,2025-02-04,233,WH-W-02,West
ORD00553,PROD003,2025-11-23,486,WH-S-01,South
ORD00554,PROD007,2025-07-01,491,WH-W-02,West
ORD00555,PROD009,2025-04-26,414,WH-S-01,South
ORD00556,PROD004,2025-08-17,44,WH-N-02,North
ORD00557,PROD006,2025-03-21,141,WH-S-01,South
ORD00558,PROD009,2025-12-17,254,WH-W-01,West
ORD00559,PROD010,2025-05-15,169,WH-N-02,North
ORD00560,PROD005,2025-11-22,363,WH-S-01,South
ORD00561,PROD007,2025-10-02,244,WH-N-02,North
ORD00562,PROD001,2025-09-10,448,WH-S-01,South
ORD00563,PROD002,2025-09-22,112,WH-E-02,East
ORD00564,PROD006,2025-09-09,134,WH-N-01,North
ORD00565,PROD010,2025-07-03,264,WH-N-01,North
ORD00566,PROD010,2025-08-04,293,WH-W-02,West
ORD00567,PROD001,2025-03-07,227,WH-W-01,West
ORD00568,PROD001,2025-08-09,325,WH-E-02,East
ORD00569,PROD002,2025-11-01,255,WH-S-02,South
ORD00570,PROD007,2025-03-20,176,WH-E-01,East
ORD00571,PROD009,2025-12-05,297,WH-E-01,East
ORD00572,PROD002,2025-02-18,145,WH-E-02,East
ORD00573,PROD005,2025-12-28,218,WH-S-01,South
ORD00574,PROD007,2025-03-08,308,WH-N-02,North
ORD00575,PROD009,2025-04-30,420,WH-W-02,West
ORD00576,PROD009,2025-02-01,421,WH-N-02,North
ORD00577,PROD007,2025-01-21,354,WH-N-01,North
ORD00578,PROD008,2025-01-21,322,WH-N-02,North
ORD00579,PROD006,2025-01-24,47,WH-N-01,North
ORD00580,PROD010,2025-02-16,167,WH-E-02,East
ORD00581,PROD009,2025-06-17,445,WH-W-02,West
ORD00582,PROD003,2025-11-05,177,WH-E-01,East
ORD00583,PROD004,2025-06-06,169,WH-S-01,South
ORD00584,PROD009,2025-01-03,310,WH-E-02,East
ORD00585,PROD008,2025-05-04,85,WH-E-01,East
ORD00586,PROD003,2025-04-14,214,WH-N-02,North
ORD00587,PROD003,2025-07-17,171,WH-S-01,South
ORD00588,PROD004,2025-04-21,238,WH-S-01,South
ORD00589,PROD007,2025-04-23,405,WH-N-02,North
ORD00590,PROD005,2025-02-05,52,WH-W-02,West
ORD00591,PROD002,2025-08-26,278,WH-S-01,South
ORD00592,PROD009,2025-03-27,317,WH-W-01,West
ORD00593,PROD008,2025-01-08,108,WH-W-01,West
ORD00594,PROD004,2025-11-07,275,WH-E-01,East
ORD00595,PROD005,2025-06-28,481,WH-E-02,East
ORD00596,PROD005,2025-01-06,24,WH-E-01,East
ORD00597,PROD008,2025-06-11,49,WH-N-01,North
ORD00598,PROD008,2025-12-11,136,WH-E-01,East
ORD00599,PROD002,2025-11-22,109,WH-S-01,South
ORD00600,PROD003,2025-01-15,383,WH-N-02,North
ORD00601,PROD009,2025-09-30,98,WH-S-02,South
ORD00602,PROD001,2025-01-09,42,WH-S-01,South
ORD00603,PROD003,2025-10-04,274,WH-E-01,East
ORD00604,PROD005,2025-10-06,14,WH-S-02,South
ORD00605,PROD005,2025-07-17,287,WH-E-02,East
ORD00606,PROD007,2025-04-03,55,WH-W-02,West
ORD00607,PROD008,2025-11-13,471,WH-W-01,West
ORD00608,PROD004,2025-06-12,443,WH-N-01,North
ORD00609,PROD003,2025-01-21,213,WH-S-02,South
ORD00610,PROD007,2025-12-19,418,WH-W-01,West
ORD00611,PROD001,2025-07-19,289,WH-S-02,South
ORD00612,PROD009,2025-04-10,121,WH-E-01,East
ORD00613,PROD005,2025-09-23,475,WH-W-02,West
ORD00614,PROD001,2025-09-24,284,WH-E-01,East
ORD00615,PROD009,2025-04-18,55,WH-S-01,South
ORD00616,PROD008,2025-07-26,346,WH-S-01,South
ORD00617,PROD005,2025-02-20,420,WH-N-01,North
ORD00618,PROD001,2025-03-31,499,WH-W-02,West
ORD00619,PROD004,2025-12-06,452,WH-W-01,West
ORD00620,PROD007,2025-06-23,75,WH-S-01,South
ORD00621,PROD009,2025-12-05,272,WH-W-02,West
ORD00622,PROD006,2025-08-15,443,WH-W-01,West
ORD00623,PROD005,2025-10-17,207,WH-W-02,West
ORD00624,PROD004,2025-12-18,102,WH-W-01,West
ORD00625,PROD010,2025-08-03,23,WH-E-01,East
ORD00626,PROD010,2025-08-24,400,WH-W-01,West
ORD00627,PROD002,2025-09-20,189,WH-S-02,South
ORD00628,PROD002,2025-10-29,151,WH-E-01,East
ORD00629,PROD009,2025-03-27,302,WH-E-01,East
ORD00630,PROD007,2025-05-05,383,WH-E-02,East
ORD00631,PROD008,2025-05-11,266,WH-W-01,West
ORD00632,PROD002,2025-10-17,22,WH-E-02,East
ORD00633,PROD002,2025-05-31,122,WH-E-01,East
ORD00634,PROD002,2025-07-24,200,WH-S-02,South
ORD00635,PROD008,2025-09-08,298,WH-W-01,West
ORD00636,PROD010,2025-01-10,40,WH-N-01,North
ORD00637,PROD005,2025-04-01,169,WH-N-02,North
ORD00638,PROD009,2025-08-21,18,WH-W-02,West
ORD00639,PROD006,2025-12-31,187,WH-S-01,South
ORD00640,PROD001,2025-04-12,272,WH-N-02,North
ORD00641,PROD007,2025-02-11,128,WH-S-01,South
ORD00642,PROD007,2025-01-03,173,WH-N-01,North
ORD00643,PROD008,2025-08-05,438,WH-S-01,South
ORD00644,PROD004,2025-01-21,106,WH-E-02,East
ORD00645,PROD010,2025-09-19,214,WH-W-02,West
ORD00646,PROD007,2025-10-17,182,WH-E-02,East
ORD00647,PROD001,2025-08-03,436,WH-N-02,North
ORD00648,PROD003,2025-10-06,437,WH-W-01,West
ORD00649,PROD009,2025-09-04,221,WH-S-02,South
ORD00650,PROD005,2025-07-23,455,WH-E-02,East
ORD00651,PROD009,2025-07-03,132,WH-W-02,West
ORD00652,PROD009,2025-12-03,20,WH-S-02,South
ORD00653,PROD002,2025-05-16,92,WH-E-02,East
ORD00654,PROD010,2025-03-23,18,WH-E-02,East
ORD00655,PROD008,2025-02-27,87,WH-N-01,North
ORD00656,PROD007,2025-02-18,44,WH-N-01,North
ORD00657,PROD008,2025-05-19,39,WH-W-01,West
ORD00658,PROD001,2025-11-01,192,WH-W-01,West
ORD00659,PROD008,2025-06-13,470,WH-N-02,North
ORD00660,PROD007,2025-04-28,52,WH-W-02,West
ORD00661,PROD008,2025-12-30,230,WH-E-02,East
ORD00662,PROD007,2025-01-28,87,WH-E-01,East
ORD00663,PROD006,2025-11-20,44,WH-E-02,East
ORD00664,PROD010,2025-11-17,84,WH-E-01,East
ORD00665,PROD002,2025-12-27,494,WH-S-02,South
ORD00666,PROD004,2025-04-15,405,WH-E-01,East
ORD00667,PROD005,2025-07-24,341,WH-S-01,South
ORD00668,PROD007,2025-01-18,370,WH-W-02,West
ORD00669,PROD009,2025-05-08,198,WH-N-01,North
ORD00670,PROD003,2025-09-19,237,WH-S-02,South
ORD00671,PROD010,2025-06-23,315,WH-E-02,East
ORD00672,PROD008,2025-11-09,313,WH-E-01,East
ORD00673,PROD001,2025-04-01,495,WH-S-02,South
ORD00674,PROD002,2025-04-04,22,WH-N-01,North
ORD00675,PROD005,2026-01-01,215,WH-S-02,South
ORD00676,PROD009,2025-07-16,295,WH-E-02,East
ORD00677,PROD002,2025-02-06,133,WH-W-02,West
ORD00678,PROD006,2025-12-28,332,WH-S-01,South
ORD00679,PROD007,2025-12-03,186,WH-N-02,North
ORD00680,PROD001,2025-01-06,309,WH-W-02,West
ORD00681,PROD009,2025-01-27,365,WH-E-02,East
ORD00682,PROD010,2025-07-27,226,WH-W-01,West
ORD00683,PROD002,2025-10-13,478,WH-N-01,North
ORD00684,PROD010,2025-07-27,99,WH-W-02,West
ORD00685,PROD001,2025-12-25,274,WH-S-02,South
ORD00686,PROD010,2025-10-19,413,WH-W-01,West
ORD00687,PROD008,2025-12-14,389,WH-E-02,East
ORD00688,PROD001,2025-03-16,477,WH-W-02,West
ORD00689,PROD006,2025-10-23,211,WH-S-02,South
ORD00690,PROD009,2025-10-29,319,WH-S-01,South
ORD00691,PROD010,2025-09-08,210,WH-W-02,West
ORD00692,PROD001,2025-11-21,441,WH-E-01,East
ORD00693,PROD005,2025-05-11,73,WH-W-02,West
ORD00694,PROD001,2025-03-19,249,WH-N-01,North
ORD00695,PROD008,2025-04-26,31,WH-S-01,South
ORD00696,PROD002,2025-01-20,382,WH-N-01,North
ORD00697,PROD010,2025-08-01,139,WH-N-01,North
ORD00698,PROD003,2025-07-19,35,WH-E-01,East
ORD00699,PROD010,2025-10-21,284,WH-S-01,South
ORD00700,PROD008,2025-11-06,434,WH-S-02,South
ORD00701,PROD007,2025-02-06,281,WH-S-02,South
ORD00702,PROD001,2025-08-19,60,WH-N-02,North
ORD00703,PROD002,2025-05-24,389,WH-N-01,North
ORD00704,PROD009,2025-07-16,244,WH-E-02,East
ORD00705,PROD002,2025-12-07,338,WH-S-02,South
ORD00706,PROD003,2025-12-30,456,WH-N-02,North
ORD00707,PROD008,2025-12-11,425,WH-N-02,North
ORD00708,PROD003,2025-05-10,201,WH-E-01,East
ORD00709,PROD004,2025-04-25,295,WH-E-01,East
ORD00710,PROD010,2025-09-05,372,WH-N-01,North
ORD00711,PROD006,2025-06-25,352,WH-S-02,South
ORD00712,PROD007,2025-01-28,138,WH-W-01,West
ORD00713,PROD009,2025-04-17,111,WH-E-02,East
ORD00714,PROD004,2025-05-12,187,WH-S-02,South
ORD00715,PROD001,2025-09-05,228,WH-W-01,West
ORD00716,PROD002,2025-02-25,122,WH-E-01,East
ORD00717,PROD007,2025-12-08,68,WH-W-01,West
ORD00718,PROD008,2025-05-20,120,WH-S-01,South
ORD00719,PROD006,2025-05-09,392,WH-E-02,East
ORD00720,PROD010,2025-05-12,123,WH-S-01,South
ORD00721,PROD008,2025-03-31,18,WH-N-02,North
ORD00722,PROD004,2025-08-07,47,WH-E-01,East
ORD00723,PROD006,2025-01-03,64,WH-E-01,East
ORD00724,PROD007,2025-07-30,360,WH-E-02,East
ORD00725,PROD006,2025-11-11,396,WH-E-02,East
ORD00726,PROD005,2025-08-12,485,WH-E-01,East
ORD00727,PROD004,2025-05-25,405,WH-W-02,West
ORD00728,PROD001,2025-11-15,97,WH-N-01,North
ORD00729,PROD004,2025-07-24,226,WH-W-02,West
ORD00730,PROD010,2025-03-20,213,WH-N-01,North
ORD00731,PROD010,2025-07-21,353,WH-S-02,South
ORD00732,PROD008,2025-11-27,479,WH-N-02,North
ORD00733,PROD003,2025-06-08,345,WH-W-01,West
ORD00734,PROD009,2025-03-13,160,WH-N-02,North
ORD00735,PROD005,2025-08-12,78,WH-E-02,East
ORD00736,PROD006,2025-01-21,152,WH-E-01,East
ORD00737,PROD005,2025-05-16,163,WH-E-02,East
ORD00738,PROD003,2025-06-21,419,WH-E-02,East
ORD00739,PROD003,2025-12-11,461,WH-E-02,East
ORD00740,PROD008,2025-07-16,468,WH-W-01,West
ORD00741,PROD001,2025-06-12,486,WH-N-01,North
ORD00742,PROD001,2025-02-25,222,WH-E-01,East
ORD00743,PROD010,2025-01-06,481,WH-E-01,East
ORD00744,PROD006,2025-08-11,275,WH-S-02,South
ORD00745,PROD004,2025-01-10,181,WH-N-01,North
ORD00746,PROD008,2025-05-24,466,WH-N-01,North
ORD00747,PROD010,2025-11-19,158,WH-S-02,South
ORD00748,PROD003,2025-07-19,264,WH-N-01,North
ORD00749,PROD009,2025-08-12,157,WH-N-02,North
ORD00750,PROD001,2025-10-28,224,WH-S-02,South
ORD00751,PROD010,2025-09-19,306,WH-W-01,West
ORD00752,PROD002,2025-12-02,453,WH-E-02,East
ORD00753,PROD003,2025-02-06,453,WH-S-02,South
ORD00754,PROD007,2025-01-01,140,WH-W-01,West
ORD00755,PROD005,2025-02-13,409,WH-N-02,North
ORD00756,PROD003,2025-08-11,365,WH-E-02,East
ORD00757,PROD005,2025-01-28,413,WH-N-02,North
ORD00758,PROD008,2025-04-17,290,WH-S-02,South
ORD00759,PROD003,2025-01-06,292,WH-N-02,North
ORD00760,PROD010,2025-07-15,382,WH-E-01,East
ORD00761,PROD006,2025-11-03,92,WH-N-02,North
ORD00762,PROD004,2025-12-26,409,WH-N-01,North
ORD00763,PROD010,2025-07-27,122,WH-W-01,West
ORD00764,PROD001,2025-11-12,401,WH-N-02,North
ORD00765,PROD003,2025-08-01,344,WH-N-02,North
ORD00766,PROD004,2025-11-10,56,WH-S-01,South
ORD00767,PROD008,2025-09-17,108,WH-E-02,East
ORD00768,PROD010,2025-12-10,136,WH-E-02,East
ORD00769,PROD005,2025-11-20,374,WH-E-01,East
ORD00770,PROD005,2025-11-25,266,WH-E-02,East
ORD00771,PROD004,2025-04-22,63,WH-S-01,South
ORD00772,PROD005,2025-03-25,122,WH-S-02,South
ORD00773,PROD001,2025-05-12,144,WH-S-02,South
ORD00774,PROD004,2025-01-17,31,WH-E-02,East
ORD00775,PROD003,2025-07-07,164,WH-W-02,West
ORD00776,PROD007,2025-05-24,156,WH-E-01,East
ORD00777,PROD005,2025-10-25,411,WH-W-01,West
ORD00778,PROD006,2025-02-06,41,WH-S-02,South
ORD00779,PROD005,2025-08-21,116,WH-N-02,North
ORD00780,PROD005,2025-01-03,182,WH-N-02,North
ORD00781,PROD010,2025-08-09,427,WH-W-02,West
ORD00782,PROD007,2025-04-10,399,WH-E-02,East
ORD00783,PROD007,2025-02-19,465,WH-W-02,West
ORD00784,PROD002,2025-07-07,477,WH-S-02,South
ORD00785,PROD010,2025-07-12,73,WH-W-02,West
ORD00786,PROD001,2025-04-28,67,WH-W-01,West
ORD00787,PROD008,2025-03-10,361,WH-W-01,West
ORD00788,PROD004,2025-09-16,175,WH-N-02,North
ORD00789,PROD008,2025-09-05,332,WH-S-02,South
ORD00790,PROD010,2025-04-12,267,WH-S-01,South
ORD00791,PROD004,2025-10-13,150,WH-S-01,South
ORD00792,PROD001,2025-04-20,156,WH-N-02,North
ORD00793,PROD001,2025-02-04,75,WH-E-01,East
ORD00794,PROD003,2025-03-08,401,WH-W-02,West
ORD00795,PROD002,2025-08-02,318,WH-S-01,South
ORD00796,PROD004,2025-11-05,98,WH-W-02,West
ORD00797,PROD002,2025-02-07,114,WH-W-01,West
ORD00798,PROD003,2025-11-11,322,WH-S-01,South
ORD00799,PROD003,2025-10-21,404,WH-E-01,East
ORD00800,PROD006,2025-05-23,280,WH-N-02,North
ORD00801,PROD003,2025-10-13,411,WH-W-02,West
ORD00802,PROD010,2025-10-29,293,WH-S-01,South
ORD00803,PROD002,2025-04-25,198,WH-W-02,West
ORD00804,PROD008,2025-10-18,352,WH-W-02,West
ORD00805,PROD003,2025-11-13,198,WH-N-01,North
ORD00806,PROD008,2025-07-11,303,WH-S-02,South
ORD00807,PROD006,2025-10-07,112,WH-S-02,South
ORD00808,PROD008,2025-11-08,75,WH-E-01,East
ORD00809,PROD004,2025-12-07,436,WH-E-01,East
ORD00810,PROD002,2025-04-20,272,WH-S-02,South
ORD00811,PROD005,2025-04-15,202,WH-W-01,West
ORD00812,PROD001,2025-04-18,328,WH-E-02,East
ORD00813,PROD007,2025-08-03,176,WH-N-02,North
ORD00814,PROD004,2025-01-27,268,WH-N-01,North
ORD00815,PROD007,2025-09-11,273,WH-S-01,South
ORD00816,PROD008,2025-11-27,24,WH-E-02,East
ORD00817,PROD010,2025-09-23,131,WH-W-02,West
ORD00818,PROD001,2025-06-11,341,WH-N-01,North
ORD00819,PROD001,2025-12-26,440,WH-S-02,South
ORD00820,PROD003,2025-05-09,83,WH-W-01,West
ORD00821,PROD009,2025-03-05,272,WH-W-01,West
ORD00822,PROD002,2025-04-18,197,WH-W-02,West
ORD00823,PROD001,2025-04-12,256,WH-W-01,West
ORD00824,PROD003,2025-12-08,281,WH-S-01,South
ORD00825,PROD006,2025-11-10,432,WH-E-02,East
ORD00826,PROD010,2025-03-05,154,WH-S-01,South
ORD00827,PROD010,2025-06-11,329,WH-N-01,North
ORD00828,PROD002,2025-02-11,286,WH-S-02,South
ORD00829,PROD007,2026-01-01,415,WH-S-01,South
ORD00830,PROD003,2025-04-08,241,WH-E-02,East
ORD00831,PROD007,2025-07-21,449,WH-W-01,West
ORD00832,PROD006,2025-10-27,118,WH-N-02,North
ORD00833,PROD006,2025-08-17,58,WH-E-01,East
ORD00834,PROD007,2025-11-30,163,WH-E-01,East
ORD00835,PROD004,2025-01-21,118,WH-E-02,East
ORD00836,PROD001,2025-08-25,317,WH-N-01,North
ORD00837,PROD006,2025-10-31,418,WH-N-02,North
ORD00838,PROD009,2025-11-24,377,WH-E-01,East
ORD00839,PROD004,2025-07-31,394,WH-N-01,North
ORD00840,PROD006,2025-07-17,29,WH-E-02,East
ORD00841,PROD002,2025-05-08,394,WH-E-02,East
ORD00842,PROD004,2025-01-03,15,WH-W-02,West
ORD00843,PROD003,2025-06-29,484,WH-W-01,West
ORD00844,PROD002,2025-07-25,77,WH-S-01,South
ORD00845,PROD003,2025-03-12,76,WH-E-01,East
ORD00846,PROD010,2025-01-18,406,WH-N-01,North
ORD00847,PROD010,2025-01-04,190,WH-E-02,East
ORD00848,PROD003,2025-08-22,418,WH-N-01,North
ORD00849,PROD007,2025-03-10,360,WH-W-02,West
ORD00850,PROD007,2025-08-18,411,WH-W-02,West
ORD00851,PROD006,2025-05-18,105,WH-E-02,East
ORD00852,PROD001,2025-01-28,365,WH-E-01,East
ORD00853,PROD008,2025-11-01,50,WH-N-01,North
ORD00854,PROD008,2025-12-31,77,WH-N-01,North
ORD00855,PROD007,2025-11-13,313,WH-W-01,West
ORD00856,PROD005,2025-02-16,92,WH-S-01,South
ORD00857,PROD006,2025-10-12,72,WH-E-01,East
ORD00858,PROD004,2025-10-14,417,WH-S-02,South
ORD00859,PROD009,2025-10-20,230,WH-W-01,West
ORD00860,PROD006,2025-02-22,326,WH-S-01,South
ORD00861,PROD006,2025-02-10,322,WH-S-02,South
ORD00862,PROD008,2025-02-04,42,WH-W-01,West
ORD00863,PROD005,2025-07-08,439,WH-E-02,East
ORD00864,PROD010,2025-11-14,274,WH-E-02,East
ORD00865,PROD010,2025-07-30,467,WH-N-01,North
ORD00866,PROD006,2025-03-03,364,WH-W-02,West
ORD00867,PROD008,2025-06-05,125,WH-E-01,East
ORD00868,PROD007,2025-12-28,152,WH-S-01,South
ORD00869,PROD009,2025-10-24,441,WH-N-01,North
ORD00870,PROD005,2025-11-23,146,WH-N-01,North
ORD00871,PROD010,2025-11-24,371,WH-N-01,North
ORD00872,PROD009,2025-08-28,486,WH-W-01,West
ORD00873,PROD007,2025-07-04,262,WH-N-01,North
ORD00874,PROD009,2025-02-15,472,WH-E-02,East
ORD00875,PROD010,2025-12-23,360,WH-W-01,West
ORD00876,PROD009,2025-02-02,259,WH-S-02,South
ORD00877,PROD010,2025-12-28,41,WH-E-01,East
ORD00878,PROD004,2025-05-02,187,WH-S-01,South
ORD00879,PROD004,2025-05-01,94,WH-W-02,West
ORD00880,PROD001,2025-03-21,345,WH-S-01,South
ORD00881,PROD009,2025-10-06,82,WH-N-01,North
ORD00882,PROD005,2025-03-12,180,WH-S-02,South
ORD00883,PROD002,2025-11-01,192,WH-E-02,East
ORD00884,PROD001,2025-11-22,29,WH-N-02,North
ORD00885,PROD006,2025-07-19,355,WH-E-02,East
ORD00886,PROD005,2025-12-11,160,WH-W-02,West
ORD00887,PROD002,2025-02-07,227,WH-N-01,North
ORD00888,PROD004,2025-08-29,135,WH-N-01,North
ORD00889,PROD002,2025-06-01,119,WH-S-02,South
ORD00890,PROD005,2025-10-13,366,WH-W-02,West
ORD00891,PROD010,2025-02-12,202,WH-S-02,South
ORD00892,PROD001,2025-11-15,379,WH-N-02,North
ORD00893,PROD008,2025-08-01,427,WH-S-02,South
ORD00894,PROD003,2025-08-26,442,WH-W-02,West
ORD00895,PROD004,2025-05-30,17,WH-S-02,South
ORD00896,PROD005,2025-06-30,468,WH-W-02,West
ORD00897,PROD002,2025-08-17,362,WH-N-01,North
ORD00898,PROD007,2025-04-01,41,WH-S-02,South
ORD00899,PROD007,2025-03-14,279,WH-W-02,West
ORD00900,PROD002,2025-04-19,308,WH-S-01,South
ORD00901,PROD009,2025-09-01,164,WH-W-02,West
ORD00902,PROD003,2025-12-09,232,WH-N-02,North
ORD00903,PROD010,2025-07-06,374,WH-E-02,East
ORD00904,PROD004,2025-08-25,352,WH-E-01,East
ORD00905,PROD010,2025-11-16,361,WH-W-02,West
ORD00906,PROD007,2025-08-16,454,WH-E-02,East
ORD00907,PROD002,2025-12-16,239,WH-N-02,North
ORD00908,PROD005,2025-03-21,137,WH-S-02,South
ORD00909,PROD003,2025-01-16,220,WH-E-01,East
ORD00910,PROD007,2025-02-06,79,WH-W-01,West
ORD00911,PROD002,2025-07-14,318,WH-S-02,South
ORD00912,PROD004,2025-01-05,147,WH-E-02,East
ORD00913,PROD005,2025-08-09,389,WH-S-01,South
ORD00914,PROD005,2025-02-01,293,WH-E-02,East
ORD00915,PROD003,2025-09-07,275,WH-N-01,North
ORD00916,PROD007,2025-11-28,193,WH-N-01,North
ORD00917,PROD006,2025-08-20,166,WH-E-01,East
ORD00918,PROD001,2025-11-18,296,WH-E-02,East
ORD00919,PROD004,2025-05-27,96,WH-E-02,East
ORD00920,PROD009,2025-12-23,468,WH-E-01,East
ORD00921,PROD001,2025-06-15,206,WH-S-01,South
ORD00922,PROD006,2025-01-14,159,WH-W-01,West
ORD00923,PROD005,2025-10-04,225,WH-N-01,North
ORD00924,PROD008,2025-03-05,64,WH-N-02,North
ORD00925,PROD010,2025-09-13,55,WH-N-02,North
ORD00926,PROD004,2025-07-29,433,WH-E-01,East
ORD00927,PROD008,2025-03-07,14,WH-E-01,East
ORD00928,PROD008,2025-11-20,231,WH-W-02,West
ORD00929,PROD009,2025-10-10,241,WH-N-02,North
ORD00930,PROD009,2025-08-05,36,WH-E-01,East
ORD00931,PROD003,2025-08-22,52,WH-E-01,East
ORD00932,PROD006,2025-12-05,419,WH-N-02,North
ORD00933,PROD002,2025-03-24,91,WH-S-02,South
ORD00934,PROD006,2025-05-31,392,WH-N-01,North
ORD00935,PROD009,2025-08-25,299,WH-N-02,North
ORD00936,PROD009,2025-09-25,196,WH-W-02,West
ORD00937,PROD009,2025-12-14,438,WH-W-01,West
ORD00938,PROD003,2025-04-01,167,WH-N-01,North
ORD00939,PROD003,2025-05-05,365,WH-S-01,South
ORD00940,PROD008,2025-09-06,473,WH-S-01,South
ORD00941,PROD009,2025-11-24,322,WH-W-02,West
ORD00942,PROD007,2025-09-02,153,WH-W-02,West
ORD00943,PROD003,2025-05-21,28,WH-S-02,South
ORD00944,PROD010,2025-03-21,121,WH-S-02,South
ORD00945,PROD007,2025-12-29,187,WH-W-01,West
ORD00946,PROD004,2025-12-15,313,WH-S-02,South
ORD00947,PROD010,2025-11-04,88,WH-W-02,West
ORD00948,PROD002,2025-01-01,47,WH-W-01,West
ORD00949,PROD001,2025-03-09,459,WH-N-01,North
ORD00950,PROD009,2025-08-09,116,WH-E-01,East
ORD00951,PROD006,2025-12-18,112,WH-E-02,East
ORD00952,PROD003,2025-03-01,191,WH-W-01,West
ORD00953,PROD007,2025-02-22,267,WH-W-02,West
ORD00954,PROD001,2025-11-04,218,WH-N-01,North
ORD00955,PROD004,2025-12-09,454,WH-S-01,South
ORD00956,PROD003,2025-12-25,177,WH-W-01,West
ORD00957,PROD010,2025-03-20,413,WH-E-02,East
ORD00958,PROD008,2025-03-23,157,WH-N-01,North
ORD00959,PROD001,2025-03-17,442,WH-E-01,East
ORD00960,PROD005,2025-12-01,141,WH-N-01,North
ORD00961,PROD010,2025-02-09,108,WH-W-02,West
ORD00962,PROD003,2025-05-01,339,WH-E-01,East
ORD00963,PROD003,2025-11-12,313,WH-S-01,South
ORD00964,PROD008,2025-04-11,489,WH-N-01,North
ORD00965,PROD010,2025-02-18,148,WH-E-01,East
ORD00966,PROD002,2025-06-02,202,WH-E-01,East
ORD00967,PROD009,2025-06-02,81,WH-S-02,South
ORD00968,PROD009,2025-02-21,277,WH-N-02,North
ORD00969,PROD004,2025-02-20,337,WH-W-02,West
ORD00970,PROD001,2025-01-04,338,WH-W-02,West
ORD00971,PROD005,2025-04-03,198,WH-W-02,West
ORD00972,PROD004,2025-10-01,275,WH-W-01,West
ORD00973,PROD004,2025-04-12,367,WH-S-02,South
ORD00974,PROD006,2025-05-06,34,WH-W-01,West
ORD00975,PROD002,2025-01-22,366,WH-E-01,East
ORD00976,PROD004,2025-07-28,387,WH-W-02,West
ORD00977,PROD008,2025-12-03,460,WH-W-02,West
ORD00978,PROD010,2025-04-15,30,WH-W-02,West
ORD00979,PROD005,2025-08-01,413,WH-S-01,South
ORD00980,PROD004,2025-01-03,437,WH-E-01,East
ORD00981,PROD004,2025-06-05,109,WH-S-02,South
ORD00982,PROD005,2025-12-14,24,WH-E-01,East
ORD00983,PROD004,2025-12-07,102,WH-E-02,East
ORD00984,PROD002,2025-03-21,383,WH-N-02,North
ORD00985,PROD010,2025-12-18,243,WH-W-02,West
ORD00986,PROD002,2025-02-12,41,WH-S-02,South
ORD00987,PROD004,2025-03-13,228,WH-S-01,South
ORD00988,PROD007,2025-02-12,474,WH-W-02,West
ORD00989,PROD001,2025-12-26,157,WH-W-02,West
ORD00990,PROD006,2025-01-06,461,WH-E-02,East
ORD00991,PROD002,2025-05-20,500,WH-W-02,West
ORD00992,PROD001,2025-09-09,36,WH-W-02,West
ORD00993,PROD006,2025-10-15,307,WH-W-02,West
ORD00994,PROD009,2025-01-22,271,WH-S-01,South
ORD00995,PROD007,2025-04-14,171,WH-E-01,East
ORD00996,PROD002,2025-10-17,225,WH-S-02,South
ORD00997,PROD005,2025-05-03,142,WH-S-01,South
ORD00998,PROD005,2025-08-06,430,WH-S-02,South
ORD00999,PROD001,2025-03-12,271,WH-S-02,South
ORD01000,PROD003,2025-09-17,249,WH-W-01,West
